,place_name,address,place_id,latitude,longitude,types,city
0,Ashoka Medicover Hospitals | Best Hospitals in Nashik,"Sawata Mali Rd, Parab Nagar, Nashik, Maharashtra 422209, India",ChIJqci4RXvr3TsRKjy5rjfBZ9k,19.973512,73.7914263,"['hospital', 'doctor', 'health', 'point_of_interest', 'establishment']",Nashik
1,"NIMS Hospital | Multispeciality Hospital in Nashik | Accident Hospital in Nashik | Best General, Psychiatry, Child Hospital in Nashik | Nursing Home in Nashik","Gangapur Rd, Thatte Nagar, Nashik, Maharashtra 422005, India",ChIJpwTEcprr3TsRHpeA0_FIm2I,20.009769,73.76384999999999,"['hospital', 'health', 'point_of_interest', 'establishment']",Nashik
2,Sahyadri Super Speciality Hospital Nashik,"Mumbai-Agra Road, Wadala Rd, near Nashik, Dwarka Circle, Maharashtra 422001, India",ChIJxaHcOB3r3TsRcWCe8rz2wnM,19.98924,73.793471,"['hospital', 'health', 'point_of_interest', 'establishment']",Nashik
3,"Wockhardt Hospital, Nashik","Wani House, Mumbai - Agra National Hwy, Wadala Naka, Nashik, Maharashtra 422001, India",ChIJnz9CbQPr3TsRqwkI4csXm14,19.9915858,73.7904216,"['hospital', 'doctor', 'health', 'point_of_interest', 'establishment']",Nashik
4,Six Sigma Medicare & Research Ltd - Best Multispeciality Hospital & Accidental Hospital in Nashik,"Satguru's, Mahatma Nagar Water Tank Rd, opp. Water Tank, Nashik, Maharashtra 422007, India",ChIJOcfBMILr3TsRRy5UEFx-uTk,20.0003437,73.75467929999999,"['hospital', 'health', 'point_of_interest', 'establishment']",Nashik
5,Nasik Rugnalaya,"Kaut Ghat Rd, Mumbai Naka, Bhagwant Nagar, Dr.Homi Bhabha Nagar, Nashik, Maharashtra 422001, India",ChIJhTRvvBzr3TsRRL4DOdWBqw0,19.9884856,73.7899374,"['hospital', 'health', 'point_of_interest', 'establishment']",Nashik
6,Apollo Hospitals Nashik,"Plot No. 1, Swaminarayan Nagar, New Adgaon Naka, Panchavati, near Lunge Mangal Karyalay, Nashik, Maharashtra 422003, India",ChIJJ1eIqF3q3TsR0tUCSs4lubY,20.0121955,73.81603679999999,"['hospital', 'health', 'point_of_interest', 'establishment']",Nashik
7,Soham Hospital,"Near Rajiv Gandhi Bhavan, Third Floor, Suyojit Sankul, Sharanpur Rd, Sharanpur, Nashik, Maharashtra 422002, India",ChIJ3_PZr6Dr3TsRdg9W2Rm6Q8k,20.000808,73.776528,"['hospital', 'dentist', 'doctor', 'health', 'point_of_interest', 'establishment']",Nashik
8,Vakratunda Hospital Private Limited,"RAGHUKUL SANKUL( SALES TAX OFFICE ROAD), BEHIND HOTEL BANDHURAJ( MUMBAI AGRA HIGHWAY), PATHARDI PHATA,, Nashik, Maharashtra 422010, India",ChIJURvXW1Lr3TsRPnWgKBfxnRY,19.9551478,73.7576062,"['hospital', 'health', 'point_of_interest', 'establishment']",Nashik
9,Sopan Hospital & Neurology Institute,"Shri Hari Narayan Kute Marg, near Mahamarg Bus Stand, Mumbai Naka, Tidke Colony, Nashik, Maharashtra 422002, India",ChIJ5Y7oWA7r3TsR9yRGrvzHMmA,19.9913591,73.779113,"['hospital', 'health', 'point_of_interest', 'establishment']",Nashik
10,"Civil Hospital, Nashik","Trambakeshwar Rd, Police Staff Colony, Nashik, Maharashtra 422002, India",ChIJ5QvLdgnr3TsRRR67VAbATQQ,19.9968854,73.7781984,"['hospital', 'health', 'point_of_interest', 'establishment']",Nashik
11,Suvichar Hospital,"Ganesh Baba Nagar, Nashik, Maharashtra 422011, India",ChIJWUkq5Obq3TsR8xI0F0OevhE,19.9826929,73.8026419,"['hospital', 'health', 'point_of_interest', 'establishment']",Nashik
12,Suyash Hospital,"Ahilyabai Holkar Road, Matoshree Nagar, Nashik, Maharashtra 422002, India",ChIJXcYdKQ7r3TsRxhdajnoRqRQ,19.9889793,73.77966769999999,"['hospital', 'health', 'point_of_interest', 'establishment']",Nashik
13,Jairam Hospital,"Rajwada Nagar, Nashik Road, Nashik, Maharashtra 422101, India",ChIJaaJ5_laV3TsRlYEww7bsf0I,19.9511241,73.838539,"['hospital', 'health', 'point_of_interest', 'establishment']",Nashik
14,ENT Specialist in Nashik | ENT Surgeon in Nashik | ENT Hospital in Nashik | Dr. Pushkar Lele | Lele Hospital & Research Center Nashik,"Kulkarni Colony, Near Kulkarni Garden, Sharanpur Rd, opposite Soni Paithani sarees, Nashik, Maharashtra 422002, India",ChIJxfoVPqDr3TsRsxrxlgVckGM,20.0009891,73.77249030000002,"['hospital', 'doctor', 'health', 'point_of_interest', 'store', 'establishment']",Nashik
15,Shree Yash Hospital,"Mumbai - Agra National Highway, Prasanna Colony, Indira Nagar, behind Surya Hotel, Nashik, Maharashtra 422009, India",ChIJ3XAcIxbr3TsRWdAVMmZ2HZ0,19.9772558,73.77915759999999,"['hospital', 'health', 'point_of_interest', 'establishment']",Nashik
16,"Sarthak Hospitals Private Limited, Nashik","Behind Papaya Nursery, Near Moulie Hall, Opp. Swami Samrath Mandir, Samta Nagar, Satpur Colony, Nashik, Maharashtra 422007, India",ChIJQdjGj_Ts3TsRvuxFBMo4BAI,19.988739,73.722212,"['hospital', 'health', 'point_of_interest', 'establishment']",Nashik
17,Criticare Hospital,"2nd Floor, City Centre Complex Jail Rd Opposite Sindhi Colony, Near Kothari Kanya School, Nashik, Maharashtra 422101, India",ChIJx-JZKVWV3TsRiztuvUSZsNo,19.9592423,73.8391623,"['hospital', 'health', 'point_of_interest', 'establishment']",Nashik
18,Sudharm Medical and General Store,"Suman hospital, Jai Bhavani Rd, Gandhi Nagar Airport Area, Nashik Road, Nashik, Maharashtra 422101, India",ChIJoWW5U0uV3TsR9GVEgCceTX4,19.957952,73.82381,"['hospital', 'health', 'point_of_interest', 'establishment']",Nashik
19,Shri Guruji Hospital,"Gangapur Road, Nashik, Maharashtra 422013, India",ChIJb4cY0onr3TsRIK-v2YGjkbc,20.0117144,73.7486131,"['hospital', 'health', 'point_of_interest', 'establishment']",Nashik
20,ESIS Hospital,"ESIS Hospital, Opposite, Trambakeshwar Rd, Satpur Colony, Nashik, Maharashtra 422007, India",ChIJJ1Qdpojs3TsRIE6qyA_tsi0,19.9918531,73.7338183,"['hospital', 'health', 'point_of_interest', 'establishment']",Nashik
21,"Dr. Patil's Surekha Hospital - Laparoscopy, Laser and Eye Hospital In Nashik","Surekha Hospital, Sunderban colony, Mumbai - Agra National Hwy, near Hotel celebration Inn, Lekha Nagar, Nashik, Maharashtra 422009, India",ChIJxVpORD7r3TsRywi0uiYIIJE,19.9754736,73.7757361,"['hospital', 'health', 'point_of_interest', 'establishment']",Nashik
22,Nerlikar Hospital and Research Center,"Gangapur Road, near Jehan Circle, Nashik, Maharashtra 422013, India",ChIJJ3vi_Y7r3TsR3h7cx5yXORM,20.0125606,73.7562411,"['hospital', 'health', 'point_of_interest', 'establishment']",Nashik
23,LEELAVATI CARE,"College Rd, Ramdas Colony, Nashik, Maharashtra 422005, India",ChIJUWhyopvr3TsRSECww3N6Ves,20.0055549,73.76481609999999,"['hospital', 'health', 'point_of_interest', 'establishment']",Nashik
24,Sunrise Hospital,"3rd Floor, Suyojit Modern Point, Sharanpur Road, Opp. Police Parade Ground, Police Staff Colony, Nashik, Maharashtra 422002, India",ChIJXc--Uafr3TsRr9h2m_8nbO4,20.0004775,73.7776131,"['hospital', 'health', 'point_of_interest', 'establishment']",Nashik
25,Nashik Road Multispeciality Hospital,"Rajwada Nagar, Deolali Gaon, Nashik, Maharashtra 422214, India",ChIJ_V3cIVeV3TsRm0Z4qL1lhaA,19.9504837,73.837469,"['hospital', 'health', 'point_of_interest', 'establishment']",Nashik
26,Sukhkarta Hospital,"ITI Ambad Rd, Near Vishwas Bank,Opp CITU bhavan Khutwad Nagar, near ITI Pool, Nashik, Maharashtra 422008, India",ChIJ2aweuWLr3TsRwT4x5M_Z8qM,19.9849464,73.74901609999999,"['hospital', 'health', 'point_of_interest', 'establishment']",Nashik
27,Gujarathi Hospital,"Near, Bytco Factory Motwani Rd, Phandharkar Nagar Colony, DattaMandir, Nashik Road, Nashik, Maharashtra 422101, India",ChIJIczFWlOV3TsR5ixkHAKoL7w,19.958377,73.835346,"['hospital', 'doctor', 'health', 'point_of_interest', 'establishment']",Nashik
28,Life Care Hospitals,"New Nashik, Mumbai, Agra Highway, Lekha Nagar, Nashik, Maharashtra 422009, India",ChIJy3piED_r3TsRXxfB8ZE5Q1Q,19.9723754,73.77292849999999,"['hospital', 'health', 'point_of_interest', 'establishment']",Nashik
29,Sadguru Hospital,"Hari Krishna Plaza, 3rd & 4th Floor, Old Adgaon Naka, Opp Panchavati Bus, Depot, Nashik, Maharashtra 422003, India",ChIJ55yTJFHq3TsRMnaaaIZnAcc,20.009175,73.80302,"['hospital', 'health', 'point_of_interest', 'establishment']",Nashik
30,Namco Hospital. Nashik.,"Namco hospital, Peth Rd, opp. rto office, Nashik, Maharashtra 422013, India",ChIJbW4WIc3r3TsR-fcsr5SHl7g,20.0336029,73.79412239999999,"['hospital', 'health', 'point_of_interest', 'establishment']",Nashik
31,Leelavati Hospital Makhmalabad Road,"Makhmalabad Rd, Vidya Nagar, Panchavati, Nashik, Maharashtra 422003, India",ChIJdW8Lkdrr3TsRF8A-6as-yNQ,20.0372651,73.7818812,"['hospital', 'health', 'point_of_interest', 'establishment']",Nashik
32,"Manas Hospital, Mumbai Naka, Nashik","Colony Rd, opposite Tupsakhre Lawns, Mahesh Nagar, Mumbai Naka, Matoshree Nagar, Nashik, Maharashtra 422002, India",ChIJQVwnDw7r3TsRsNSqCVD3CT4,19.9894831,73.7776765,"['hospital', 'health', 'point_of_interest', 'establishment']",Nashik
33,Deogaonkar Hospital,"Old Pandit Colony,, Gangapur Rd, near KTHM College, Police Staff Colony, Nashik, Maharashtra 422002, India",ChIJS-fyOgHr3TsRUZLkPnr3TK0,20.005029,73.777886,"['hospital', 'doctor', 'health', 'point_of_interest', 'establishment']",Nashik
34,Shatabdi Super Speciality Hospital,"Suyojit City Center, opp. Mahamarg Bus Stand, Mumbai Naka, Nashik, Maharashtra 422005, India",ChIJx52qpBrr3TsR5fUl5Nyz9II,19.9877943,73.7839706,"['hospital', 'health', 'point_of_interest', 'establishment']",Nashik
35,Kelkar Hospital,"Ahilyadevi Holkar Rd, Behind Mahamarg bus stand, Mumbai Naka, Gaikwad Nagar, Nashik, Maharashtra 422001, India",ChIJqVBCihDr3TsRpEV4HbgckDw,19.98627,73.782088,"['hospital', 'doctor', 'health', 'point_of_interest', 'establishment']",Nashik
36,Muktai Hospital,"Plot No.11, Opp Fame Adlabs, Shivaji Nagar, Nashik - Pune Rd, Samta Nagar, Nashik, Maharashtra 422001, India",ChIJd7N2RsLq3TsRUtlTFosyPmw,19.977979,73.810574,"['hospital', 'health', 'point_of_interest', 'establishment']",Nashik
37,Mogal Hospital,"1st Floor, Kailashdeep, Jail Rd, Nashik, Maharashtra 422101, India",ChIJbTTE51SV3TsRQd8lNegfreo,19.9582096,73.8383563,"['hospital', 'health', 'point_of_interest', 'establishment']",Nashik
38,Sahara Hospital,"Gayakhe Colony, Nashik Road, Nashik, Maharashtra 422101, India",ChIJGx8bP8_q3TsRJ77JKK-Hl_w,19.9513617,73.8339531,"['hospital', 'health', 'point_of_interest', 'establishment']",Nashik
39,Rajebahadur Hospital | Joint Replacement Surgeon in Nashik | Eye Specialist in Nashik,"Plot No.13, Rajebahadur Colony, 14/199, Tilak Rd, Nashik, Maharashtra 422001, India",ChIJp8d8T8Hr3TsRmVSOzZuzUmE,20.0027641,73.7870843,"['hospital', 'health', 'point_of_interest', 'establishment']",Nashik
40,Surya Multi Speciality Hospitals Pvt Ltd,"Opp Nimani Bus Stand, Near Nimani Bus Stand, Panchavati, Nashik, Maharashtra 422003, India",ChIJ-0wS51Lq3TsR676GYylO5Aw,20.0109879,73.7963298,"['hospital', 'health', 'point_of_interest', 'establishment']",Nashik
41,Jayanti Hospital,"57 Kishore Suryavanshi Marg, behind R.T.O. Office, Shiv Samarth Nagar, Durga Nagar, Nashik, Maharashtra 422004, India",ChIJZ1EZXDLq3TsRCMtDTC3aZdU,20.0349631,73.7982016,"['hospital', 'health', 'point_of_interest', 'establishment']",Nashik
42,Sujata Birla Hospital & Medical Research Center,"Opposite Bytco College, Nashik - Pune Rd, Nashik, Maharashtra 422101, India",ChIJuc3HGVSV3TsRACBMlHqRG24,19.9595814,73.8306188,"['hospital', 'health', 'point_of_interest', 'establishment']",Nashik
43,Ramalayam Hospital,"Panchavati Karanja, Panchavati, Nashik, Maharashtra 422003, India",ChIJbyvf0lLq3TsRxXi9vEgHaNI,20.0108356,73.7948822,"['hospital', 'health', 'point_of_interest', 'establishment']",Nashik
44,Chiranjiv Hospital,"Mumbai Naka, Matoshree Nagar, Nashik, Maharashtra 422002, India",ChIJm6uZ1A_r3TsR3M9RWdw091k,19.9890519,73.7802219,"['hospital', 'health', 'point_of_interest', 'establishment']",Nashik
45,SURYODAYA HOSPITAL,"bus stop, Dwarka Sarda circle link road Wadala naka, Renuka Nagar, Nashik, Maharashtra 422007, India",ChIJl9RabwLr3TsRr0sPeuMMh2U,19.9937074,73.7937238,"['hospital', 'health', 'point_of_interest', 'establishment']",Nashik
46,Om Hospital and Research Center,"Behaind Regimental plaza, Gaikwad Mala Rd, Nashik Road, Nashik, Maharashtra 422101, India",ChIJ-_2IhRrA3TsRnqO1IxWJ2qM,19.9527835,73.83605299999999,"['hospital', 'health', 'point_of_interest', 'establishment']",Nashik
47,Sahajeevan General Hospital,"9, Telephone Exchange Rd, Ashwin Nagar, Nashik, Maharashtra 422010, India",ChIJ4cRx-EXr3TsRSHVLtO0d3JU,19.9641949,73.7648596,"['hospital', 'doctor', 'health', 'point_of_interest', 'establishment']",Nashik
48,Sushrut Hospital,"Gautam New Pandit Colony, Sharanpur Road, Sharanpur, opposite Lion Garden, Nashik, Maharashtra 422002, India",ChIJS7yUqKDr3TsRsauJxml4kMA,20.0027833,73.7752974,"['hospital', 'health', 'point_of_interest', 'establishment']",Nashik
49,Saru Hospital | Hernia Surgeon in Nashik,"SARU Hospital, 4th Floor Soham Elite Mumbai Naka Opp. Children’s Traffic Education Park, Nashik, Maharashtra 422002, India",ChIJRSV93RHr3TsReZeNb0_Xkc0,19.9881353,73.7782794,"['hospital', 'health', 'point_of_interest', 'establishment']",Nashik
50,Ashwini Accident Hospital,"26, Ashwini Accident Hospital, Mumbai Naka, Govindnagar, Mumbai Naka, Nashik, Maharashtra 422001, India",ChIJS-fyOgHr3TsRxVEgBXuIB7U,19.9974533,73.78980229999999,"['hospital', 'health', 'point_of_interest', 'establishment']",Nashik
51,Nikam Hospital,"Jeetendra World, Gangapur Rd, near Jehan Circle, D'souza Colony, Nashik, Maharashtra 422005, India",ChIJqfz3uo_r3TsRAozJ14V3ut8,20.011613,73.7574298,"['hospital', 'health', 'point_of_interest', 'establishment']",Nashik
52,Dhadiwal Hospital,"Trambakeshwar Rd, Opp. New, CBS, Matoshree Nagar, Nashik, Maharashtra 422002, India",ChIJdWmj1cz03TsR--1PkyIsLws,19.996602,73.77994790000001,"['hospital', 'health', 'point_of_interest', 'establishment']",Nashik
53,Saykhedkar Hospital & Research Center,"Trimurti Chowk, Kamatwade Rd, opp. Matale Mangal Karyalaya, Cidco, Nashik, Maharashtra 422009, India",ChIJS-fyOgHr3TsRv22qI7fTu3M,19.9809421,73.75424989999999,"['hospital', 'health', 'point_of_interest', 'establishment']",Nashik
54,Sai Samarth Multispeciality Hospital,"Plot No. 44, Survey No.87, Makhmalabad Rd, Ganesh Nagar, Janata Raja Colony, Panchvati, Nashik, Maharashtra 422003, India",ChIJvXo7JbTr3TsRLAtfLR3CeAU,20.0205729,73.78957919999999,"['hospital', 'health', 'point_of_interest', 'establishment']",Nashik
55,Dr. Wable Maternity Hospital,"First Floor, Tilk Path, Off. Nashik Road, Anand Bazar, Bytco Point, above Kadri Gas Agencies & Kadri Mandap, Rajwada Nagar, Nashik, Maharashtra 422214, India",ChIJsQrSjVaV3TsR7vPBsjBIVnE,19.9525909,73.838397,"['hospital', 'health', 'point_of_interest', 'establishment']",Nashik
56,Singhe Multispeciality Hospital,"Sharanpur Rd, Opp. Rachana Vidyalaya, Near Police Commissioner Office, Kulkarni Colony, Nashik, Maharashtra 422005, India",ChIJN7-PTHXr3TsR3JCa88zteZg,19.998438,73.771176,"['hospital', 'health', 'point_of_interest', 'establishment']",Nashik
57,More Hospital,"26, Sheetal Society, Opp. Shankar Nagar, Takli Rd, Dwarka, Nashik, Maharashtra 422011, India",ChIJrXZGRvrq3TsR01nfdEkeOeg,19.9951279,73.804524,"['hospital', 'health', 'point_of_interest', 'establishment']",Nashik
58,Riddhi Multispeciality Hospital,"4th Floor, Sai Square, near Tupsakhare Lawns, Mumbai Naka, Tidke Colony, Nashik, Maharashtra 422001, India",ChIJQ3C3Kg7r3TsRLzbs4G2QQLc,19.988822,73.780102,"['hospital', 'dentist', 'health', 'point_of_interest', 'establishment']",Nashik
59,Lokmanya Hospital,"near bali mandir, Dhatrak Phata, Balram Nagar, Nashik, Maharashtra 422207, India",ChIJ4VFzAHTq3TsRRttEhw4SMS0,20.022961,73.8360509,"['hospital', 'health', 'point_of_interest', 'establishment']",Nashik
